Title,URL,Score,Num Comments
We made a Chrome extension for tracking prices & getting emailed when it changes. Works on any store!,https://www.reddit.com/r/AppReview/comments/eq1c9m/we_made_a_chrome_extension_for_tracking_prices/,3,0
"Widget that shows a nice photo on your home/lock screen that changes once in a while. No more, no less. No setup.",https://play.google.com/store/apps/details?id=com.timvdalen.gizmooi,3,2
Review app,https://www.reddit.com/r/AppReview/comments/ql09y7/review_app/,2,1
SwipeBy A Flawed Curbside Pickup App for Restaurants,https://www.reddit.com/r/AppReview/comments/iaji8b/swipeby_a_flawed_curbside_pickup_app_for/,2,1
–ü–æ–¥—Ä–æ–±–Ω–∏ —Ä–µ–≤—é—Ç–∞ –Ω–∞ –º–æ–±–∏–ª–Ω–∏ –∞–ø–ª–∏–∫–∞—Ü–∏–∏ –Ω–∞ –±—É–∫–º–µ–π–∫—ä—Ä–∏ –≤ RaboteshtLink,https://raboteshtlink.com/mobilni/,2,0
Made an app that gives you lists of twitter accounts to follow based on what percentage of followers the accounts follow back. Would love some feedback.,https://percentfollowback.com,2,0
app that let's you draw on the camera before taking a picture for iOS8 (not sure if this subreddit is active yet...),https://itunes.apple.com/us/app/cameradoodle/id926005519,2,0
Tin Can: Friends to talk to,https://www.reddit.com/r/AppReview/comments/u1vzo8/tin_can_friends_to_talk_to/,1,0
"Hi everyone, has anyone used the Howabout app to organise meet-ups?",https://www.reddit.com/r/AppReview/comments/txltsy/hi_everyone_has_anyone_used_the_howabout_app_to/,1,0
Android App Reviews Website | Alphadigits.com,https://www.reddit.com/r/AppReview/comments/sg9q1e/android_app_reviews_website_alphadigitscom/,1,2
"Tiles - Cards, barcode and QR",https://www.reddit.com/r/AppReview/comments/sars05/tiles_cards_barcode_and_qr/,1,1
Review exchange,https://www.reddit.com/r/AppReview/comments/rkcanj/review_exchange/,1,11
Boomrang - Prank Calls: Request for Review,https://www.reddit.com/r/AppReview/comments/ra3z38/boomrang_prank_calls_request_for_review/,1,0
App Review about AR Zone App,https://www.reddit.com/r/AppReview/comments/pooobm/app_review_about_ar_zone_app/,1,0
Get in the Zone and be more productive!,https://www.reddit.com/r/AppReview/comments/peshdn/get_in_the_zone_and_be_more_productive/,1,0
The Free Time App Feedback,https://www.reddit.com/r/AppReview/comments/o20kql/the_free_time_app_feedback/,1,0
Can anyone review https://apps.apple.com/us/app/writingpal/id1563116822,https://www.reddit.com/r/AppReview/comments/nisatj/can_anyone_review/,1,0
Tiny Scanner is an dysfunctional and buggy app. Please remember to not use it. The developers are also whacked up on monetary greed.,https://www.reddit.com/r/AppReview/comments/mvs9hp/tiny_scanner_is_an_dysfunctional_and_buggy_app/,1,0
Earnin app,https://www.reddit.com/r/AppReview/comments/mocuj8/earnin_app/,1,0
Cryptology - New Mobile App which contains Cryptographic Primitives and Mathematical Tools,https://www.reddit.com/r/AppReview/comments/lwxbjm/cryptology_new_mobile_app_which_contains/,1,0
Cheaters & Liars,https://www.reddit.com/gallery/l5vzzq,1,1
Hubble Space Telescope Android app ~ Feedback welcome,https://www.reddit.com/r/AppReview/comments/krq01h/hubble_space_telescope_android_app_feedback/,1,0
Just found this Art app looks kind of cool!,https://apps.apple.com/jp/app/mellow-take-a-break/id1531645341?l=en,1,0
titroo a next gen nutrition app,https://www.reddit.com/r/AppReview/comments/jl2s7v/titroo_a_next_gen_nutrition_app/,1,0
Insights for Instagram,https://play.google.com/store/apps/details?id=com.achtaew.analytics_for_instagram,1,1
"Find out more about trending Android apps, get the lowdown, app reviews on this link-to supplement your IOS apps. I am adding more reviews daily and you can source your apps from there, too",http://viralrap.cf,1,0
–†–µ–≤—é –Ω–∞ –º–æ–±–∏–ª–Ω–∞—Ç–∞ –∞–ø–ª–∏–∫–∞—Ü–∏—è –Ω–∞ –±—É–∫–º–µ–π–∫—ä—Ä–∞ Bet365 –≤ RaboteshtLink,https://raboteshtlink.com/bet365-mobilna-versia-i-aplikatsia/,1,0
–ò–Ω—Ñ–æ—Ä–º–∞—Ü–∏—è –∑–∞ –º–æ–±–∏–ª–Ω–∏ –∑–∞–ª–æ–∑–∏ –≤ PrognoziBG,https://prognozibg.com/mobilni/,1,0
–ü–æ–¥—Ä–æ–±–Ω–æ —Ä–µ–≤—é –Ω–∞ –º–æ–±–∏–ª–Ω–∞—Ç–∞ –∞–ø–ª–∏–∫–∞—Ü–∏—è –Ω–∞ –±—É–∫–º–µ–π–∫—ä—Ä–∞ Betfair –≤ TheBetNet,https://thebetnet.com/betfair-mobilna-versia-i-aplikatsia/,1,0
–ü–æ–¥—Ä–æ–±–Ω–æ —Ä–µ–≤—é –Ω–∞ –º–æ–±–∏–ª–Ω–∞—Ç–∞ –∞–ø–ª–∏–∫–∞—Ü–∏—è –Ω–∞ –±—É–∫–º–µ–π–∫—ä—Ä–∞ Betfair –≤ RaboteshtLink,https://raboteshtlink.com/betfair-mobilna-versia-i-aplikatsia/,1,0
‚Äéplease review Little Chicken @ Ocean Bottom of the ocean,https://apps.apple.com/us/app/little-chicken-ocean-bottom/id1516232970,1,0
Please review my app. https://apps.apple.com/us/app/little-chicken-ocean-bottom/id1516232970,https://i.redd.it/y28c27ie2s451.jpg,1,0
–î–µ—Ç–∞–π–ª–∏ –∑–∞ –º–æ–±–∏–ª–Ω–∞—Ç–∞ –∞–ø–ª–∏–∫–∞—Ü–∏—è –Ω–∞ –±—É–∫–º–µ–π–∫—ä—Ä–∞ Betfair –≤ Ubetrade,https://ubetrade.com/betfair-mobilna-versia-i-aplikatsia/,1,0
–†–µ–≤—é –Ω–∞ –º–æ–±–∏–ª–Ω–∞—Ç–∞ –∞–ø–ª–∏–∫–∞—Ü–∏—è –Ω–∞ –±—É–∫–º–µ–π–∫—ä—Ä–∞ Bet365 –≤ TheBetNet,https://thebetnet.com/bet365-mobilna-versia-i-aplikatsia/,1,0
NeedUNow: Urgent Alerts App,https://www.mobileappdaily.com/app-review/needunow-alert-messaging-app,1,0
–†–µ–≤—é –Ω–∞ –º–æ–±–∏–ª–Ω–∞—Ç–∞ –∞–ø–ª–∏–∫–∞—Ü–∏—è –Ω–∞ –±—É–∫–º–µ–π–∫—ä—Ä–∞ Efbet –≤ TheBetNet,https://thebetnet.com/efbet-mobilna-versia-i-aplikatsia/,1,0
MOXY: An App For Your Political Inclination,https://www.mobileappdaily.com/app-review/moxy-politics-app,1,0
–†–µ–≤—é –Ω–∞ –º–æ–±–∏–ª–Ω–∞—Ç–∞ –≤–µ—Ä—Å–∏—è –∏ –∞–ø–ª–∏–∫–∞—Ü–∏—è –Ω–∞ –±—É–∫–º–µ–π–∫—ä—Ä–∞ Betfair –≤ iBetMagic,https://ibetmagic.com/betfair-mobilna-versia-i-aplikatsia/,1,0
ClickTime Mobile: Tracking App That Employees Love,https://www.mobileappdaily.com/app-review/clicktime-app,1,0
First app ever. Let me know what you guys think.,https://apps.apple.com/us/app/tippy-simple-tip-calculator/id1515376322,1,0
Genius: Read Lyrics with a Twist,https://www.mobileappdaily.com/app-review/genius-lyrics-app,1,0
Venmo: Transfer Money With Ease,https://www.mobileappdaily.com/app-review/venmo-transfer-money-app,1,0
Caviar: Get Food Delivered At Your Doorstep,https://www.mobileappdaily.com/app-review/caviar-food-delivery-app,1,0
Invoice Home: Payments and Invoicing at a Click,https://www.mobileappdaily.com/app-review/invoice-home-payments-app,1,0
–ü—Ä–µ–¥—Å—Ç–∞–≤—è–Ω–µ –Ω–∞ –º–æ–±–∏–ª–Ω–∞—Ç–∞ –∞–ø–ª–∏–∫–∞—Ü–∏—è –Ω–∞ –±—É–∫–º–µ–π–∫—ä—Ä–∞ Bet365 –≤ RaboteshtLink,https://raboteshtlink.com/bet365-mobilna-versia-i-aplikatsia/,1,0
SOTKA App: Knowledge Is Power,https://www.mobileappdaily.com/app-review/sotka-fitness-app,1,0
Wuck the weather app,https://wuck.netlify.com,1,0
Suru App : A Color-Coordinated Organizer,https://www.mobileappdaily.com/app-review/suru-organizer-app,1,0
HealthChampion App: All In One Health Solution,https://www.mobileappdaily.com/app-review/healthchampion-medical-app,1,0
Spike: Innovative Conversational Email App,https://www.mobileappdaily.com/app-review/spike-conversational-email-app,1,0
–†–µ–≤—é –Ω–∞ –º–æ–±–∏–ª–Ω–∞—Ç–∞ –∞–ø–ª–∏–∫–∞—Ü–∏—è –Ω–∞ –±—É–∫–º–µ–π–∫—ä—Ä–∞ Efbet –≤ RaboteshtLink,https://raboteshtlink.com/efbet-mobilna-versia-i-aplikatsia/,1,0
Invite you to iKeyMonitor Spy App for iPhone and Android,https://www.reddit.com/r/AppReview/comments/gmjjtf/invite_you_to_ikeymonitor_spy_app_for_iphone_and/,1,0
Props Love: Show Appreciation,https://www.mobileappdaily.com/app-review/props-love-app,1,0
Lose It: Move Towards Health Goals,https://www.mobileappdaily.com/app-review/lose-it-health-tracker-app,1,0
Clash Royale Mate Stats Tools,https://www.reddit.com/r/AppReview/comments/ge1xfi/clash_royale_mate_stats_tools/,1,0
–†–µ–≤—é—Ç–∞ –Ω–∞ –º–æ–±–∏–ª–Ω–∏ –∞–ø–ª–∏–∫–∞—Ü–∏–∏ –Ω–∞ —Å–≤–µ—Ç–æ–≤–Ω–∏ –±—É–∫–º–µ–π–∫—ä—Ä–∏ –≤ TheBetNet.,https://thebetnet.com/mobilni/,1,0
"Latest Video Games App, I can feedback exchange on iOS :)",https://www.reddit.com/r/AppReview/comments/g954x6/latest_video_games_app_i_can_feedback_exchange_on/,1,0
"Hello hope you can feedback my App, I can exchange ONLY ON IOS, thank you admin!",https://www.reddit.com/r/AppReview/comments/g6s9ve/hello_hope_you_can_feedback_my_app_i_can_exchange/,1,0
–†–µ–≤—é –Ω–∞ –º–æ–±–∏–ª–Ω–∞—Ç–∞ –∞–ø–ª–∏–∫–∞—Ü–∏—è –Ω–∞ –±—É–∫–º–µ–π–∫—ä—Ä–∞ Betfair –≤ RaboteshtLink,https://raboteshtlink.com/betfair-mobilna-versia-i-aplikatsia/,1,0
–ü–æ–¥—Ä–æ–±–Ω–æ —Ä–µ–≤—é –Ω–∞ –º–æ–±–∏–ª–Ω–∞—Ç–∞ –∞–ø–ª–∏–∫–∞—Ü–∏—è –Ω–∞ –±—É–∫–º–µ–π–∫—ä—Ä–∞ Efbet –≤ TheBetNeta,https://thebetnet.com/efbet-mobilna-versia-i-aplikatsia/,1,0
BuddyTalk and Opentalk App Review,https://www.onlinetok.com/2020/01/opentalk-app-use-karke-communication-increase-kare.html,1,0
–†–µ–≤—é –º–æ–±–∏–ª–Ω–∞—Ç–∞ –∞–ø–ª–∏–∫–∞—Ü–∏—è –Ω–∞ –±—É–∫–º–µ–π–∫—ä—Ä–∞ Bet365 –≤ TheBetNet,https://thebetnet.com/bet365-mobilna-versia-i-aplikatsia/,1,0
–†–µ–≤—é—Ç–∞ –Ω–∞ –º–æ–±–∏–ª–Ω–∏ –∞–ø–ª–∏–∫–∞—Ü–∏–∏ –Ω–∞ –≤–æ–¥–µ—â–∏ –±—É–∫–º–µ–π–∫—ä—Ä–∏ –≤ RaboteshtLink,https://raboteshtlink.com/mobilni/,1,0
–†–µ–≤—é –Ω–∞ –º–æ–±–∏–ª–Ω–∞—Ç–∞ –∞–ø–ª–∏–∫–∞—Ü–∏—è –Ω–∞ –±—É–∫–º–µ–π–∫—ä—Ä–∞ Bet365 –≤ Ubetrade,https://ubetrade.com/bet365-mobilna-versia-i-aplikatsia/,1,0
–†–µ–≤—é –Ω–∞ –º–æ–±–∏–ª–Ω–∞—Ç–∞ –≤–µ—Ä—Å–∏—è –∏ –∞–ø–ª–∏–∫–∞—Ü–∏—è –Ω–∞ –±—É–∫–º–µ–π–∫—ä—Ä–∞ Betfair –≤ iBetMagic,https://ibetmagic.com/betfair-mobilna-versia-i-aplikatsia/,1,0
We made a Chrome extension for tracking prices & getting emailed when it changes. Works on any store!,https://www.reddit.com/r/AppReview/comments/f16gys/we_made_a_chrome_extension_for_tracking_prices/,1,0
Meditation App Review: Ten Percent Happier for Android and iPhone,https://mindful.technology/app-ten-percent-happier-android-iphone/,1,0
"Mobdro, the New Kodi Streaming App Offers Free Access to Movies",http://twitiq.com/mobdro-streaming-app-offers-free-access-movies/,1,0
Clashot iOS App Review,https://www.macmyth.com/2013/09/clashot-ios-app-review.html,1,0
–ü—Ä–µ–¥—Å—Ç–∞–≤—è–Ω–µ –Ω–∞ –º–æ–±–∏–ª–Ω–∏ –∞–ø–ª–∏–∫–∞—Ü–∏–∏ –Ω–∞ –≤–æ–¥–µ—â–∏ –±—É–∫–º–µ–π–∫—ä—Ä–∏ –≤ TheBetNet,https://thebetnet.com/mobilni/,1,0
–†–µ–≤—é –Ω–∞ –º–æ–±–∏–ª–Ω–∞—Ç–∞ –∞–ø–ª–∏–∫–∞—Ü–∏—è –Ω–∞ –±—É–∫–º–µ–π–∫—ä—Ä–∞ Bet365 –≤ RaboteshtLink,https://raboteshtlink.com/bet365-mobilna-versia-i-aplikatsia/,1,0
–ü—Ä–µ–¥—Å—Ç–∞–≤—è–Ω–µ –Ω–∞ –º–æ–±–∏–ª–Ω–∞—Ç–∞ –∞–ø–ª–∏–∫–∞—Ü–∏—è –Ω–∞ –±—É–∫–º–µ–π–∫—ä—Ä–∞ Efbet –≤ RaboteshtLink,https://raboteshtlink.com/efbet-mobilna-versia-i-aplikatsia/,1,0
–ò–Ω—Ñ–æ—Ä–º–∞—Ü–∏—è –∑–∞ –º–æ–±–∏–ª–Ω–∏ –∞–ø–ª–∏–∫–∞—Ü–∏–∏ –Ω–∞ –≤–æ–¥–µ—â–∏ –±—É–∫–º–µ–π–∫—ä—Ä–∏ –≤ Ubetrade,https://ubetrade.com/mobilni/,1,0
–ò–Ω—Ñ–æ—Ä–º–∞—Ü–∏—è –∑–∞ –º–æ–±–∏–ª–Ω–∏ –∑–∞–ª–æ–∑–∏ –≤ PrognoziBG,https://prognozibg.com/mobilni/,1,0
–ü—Ä–µ–¥—Å—Ç–∞–≤—è–Ω–µ –Ω–∞ –º–æ–±–∏–ª–Ω–∏ –∞–ø–ª–∏–∫–∞—Ü–∏–∏ –Ω–∞ –≤–æ–¥–µ—â–∏ –±—É–∫–º–µ–π–∫—ä—Ä–∏ –≤ RaboteshtLink,https://raboteshtlink.com/mobilni/,1,0
–ü—Ä–µ–¥—Å—Ç–∞–≤—è–Ω–µ –Ω–∞ –º–æ–±–∏–ª–Ω–∞—Ç–∞ –∞–ø–ª–∏–∫–∞—Ü–∏—è –Ω–∞ –±—É–∫–º–µ–π–∫—ä—Ä–∞ Bet365 –≤ TheBetNet,https://thebetnet.com/bet365-mobilna-versia-i-aplikatsia/,1,0
–†–µ–≤—é –Ω–∞ –º–æ–±–∏–ª–Ω–∞—Ç–∞ –∞–ø–ª–∏–∫–∞—Ü–∏—è –Ω–∞ –±—É–∫–º–µ–π–∫—ä—Ä–∞ Betfair –≤ RaboteshtLink,https://raboteshtlink.com/betfair-mobilna-versia-i-aplikatsia/,1,0
–†–µ–≤—é –Ω–∞ –º–æ–±–∏–ª–Ω–∞—Ç–∞ –≤–µ—Ä—Å–∏—è –Ω–∞ –±—É–∫–º–µ–π–∫—ä—Ä–∞ Betfair –≤ TheBetNet,https://thebetnet.com/betfair-mobilna-versia-i-aplikatsia/,1,0
–ü—Ä–µ–¥—Å—Ç–∞–≤—è–Ω–µ –Ω–∞ –º–æ–±–∏–ª–Ω–∞—Ç–∞ –∞–ø–ª–∏–∫–∞—Ü–∏—è –Ω–∞ –±—É–∫–º–µ–π–∫—ä—Ä–∞ Bet365 –≤ RaboteshtLink,https://raboteshtlink.com/bet365-mobilna-versia-i-aplikatsia/,1,0
Chrome Extension For Calculating Table Sums. Feedback Appreciated.,http://sumthing.app,1,0
–ò–Ω—Ñ–æ—Ä–º–∞—Ü–∏—è –∑–∞ –º–æ–±–∏–ª–Ω–∞—Ç–∞ –≤–µ—Ä—Å–∏—è –Ω–∞ –±—É–∫–º–µ–π–∫—ä—Ä–∞ Betfair –≤ Ubetrade,https://ubetrade.com/betfair-mobilna-versia-i-aplikatsia/,1,0
–ò–Ω—Ñ–æ—Ä–º–∞—Ü–∏—è –∑–∞ –º–æ–±–∏–ª–Ω–∏ –≤–µ—Ä—Å–∏–∏ –∏ –∞–ø–ª–∏–∫–∞—Ü–∏–∏ –Ω–∞ –±—É–∫–º–µ–π–∫—ä—Ä–∏ –≤ RaboteshtLink,https://raboteshtlink.com/mobilni/,1,0
Boonited - an interest based social network app,https://www.reddit.com/r/AppReview/comments/dbhgs4/boonited_an_interest_based_social_network_app/,1,0
–†–µ–≤—é –Ω–∞ –º–æ–±–∏–ª–Ω–∞—Ç–∞ –∞–ø–ª–∏—Ü–µ—Ü–∏—è –Ω–∞ –±—É–∫–º–µ–π–∫—ä—Ä–∞ Bet365 –≤ TheBetNet,https://thebetnet.com/bet365-mobilna-versia-i-aplikatsia/,1,0
"Rage Ball, Hardest Game on iOS",https://www.reddit.com/r/AppReview/comments/d5d719/rage_ball_hardest_game_on_ios/,1,0
–ü—Ä–µ–¥—Å—Ç–∞–≤—è–Ω–µ –Ω–∞ –º–æ–±–∏–ª–Ω–∏ –∞–ø–ª–∏–∫–∞—Ü–∏–∏ –Ω–∞ –±—É–∫–º–µ–π–∫—ä—Ä–∏ –≤ TheBetNet,https://thebetnet.com/mobilni/,1,0
–ò–Ω—Ñ–æ—Ä–º–∞—Ü–∏—è –∑–∞ –º–æ–±–∏–ª–Ω–∏ –≤–µ—Ä—Å–∏–∏ –∏ –∞–ø–ª–∏–∫–∞—Ü–∏–∏ –Ω–∞ –±—É–∫–º–µ–π–∫—ä—Ä–∏ –≤ Ubetrade,https://ubetrade.com/mobilni/,1,0
–ü—Ä–µ–¥—Å—Ç–∞–≤—è–Ω–µ –Ω–∞ –º–æ–±–∏–ª–Ω–∞—Ç–∞ –∞–ø–ª–∏–∫–∞—Ü–∏—è –Ω–∞ –±—É–∫–º–µ–π–∫—ä—Ä–∞ Bet365 –≤ iBetMagic,https://ibetmagic.com/bet365-mobilna-versia-i-aplikatsia/,1,0
–†–µ–≤—é –Ω–∞ –º–æ–±–∏–ª–Ω–∞—Ç–∞ –≤–µ—Ä—Å–∏—è –∏ –∞–ø–ª–∏–∫–∞—Ü–∏—è –Ω–∞ –±—É–∫–º–µ–π–∫—ä—Ä–∞ Betfair –≤ iBetMagic,https://ibetmagic.com/betfair-mobilna-versia-i-aplikatsia/,1,0
–†–µ–≤—é—Ç–∞ –Ω–∞ –º–æ–±–∏–ª–Ω–∏ –∞–ø–ª–∏–∫–∞—Ü–∏–∏ –Ω–∞ –±—É–∫–º–µ–π–∫—ä—Ä–∏ –≤ –ø–ª–∞—Ç—Ñ–æ—Ä–º–∞—Ç–∞ RaboteshtLink,https://raboteshtlink.com/mobilni/,1,0
[iOS] Brainy Trainy - Train your brain with fun!,https://apps.apple.com/app/id1466236285,1,0
–ü—Ä–µ–¥—Å—Ç–∞–≤—è–Ω–µ –Ω–∞ –º–æ–±–∏–ª–Ω–∞—Ç–∞ –∞–ø–ª–∏–∫–∞—Ü–∏–∏ –Ω–∞ –±—É–∫–º–µ–π–∫—ä—Ä–∞ Bet365 –≤ RaboteshtLink,https://raboteshtlink.com/bet365-mobilna-versia-i-aplikatsia/,1,0
–†–µ–≤—é –Ω–∞ –º–æ–±–∏–ª–Ω–∞—Ç–∞ –∞–ø–ª–∏–∫–∞—Ü–∏—è –Ω–∞ –±—É–∫–º–µ–π–∫—ä—Ä–∞ Efbet –≤ TheBetNet,https://thebetnet.com/efbet-mobilna-versia-i-aplikatsia/,1,0
–†–µ–≤—é –Ω–∞ –º–æ–±–∏–ª–Ω–∞—Ç–∞ –∞–ø–ª–∏–∫–∞—Ü–∏—è –Ω–∞ –±—É–∫–º–µ–π–∫—ä—Ä–∞ Efbet –≤ Number1Bets,https://number1bets.com/efbet-mobilna-versia-i-aplikatsia/,1,0
–ü—Ä–µ–¥—Å—Ç–∞–≤—è–Ω–µ –Ω–∞ –º–æ–±–∏–ª–Ω–∏ –∞–ø–ª–∏–∫–∞—Ü–∏–∏ –Ω–∞ —Å–≤–µ—Ç–æ–≤–Ω–∏ –±—É–∫–º–µ–π–∫—ä—Ä–∏ –≤ TheBetNet,https://thebetnet.com/mobilni/,1,0
–ü—Ä–µ–¥—Å—Ç–∞–≤—è–Ω–µ –Ω–∞ –º–æ–±–∏–ª–Ω–∏ –≤–µ—Ä—Å–∏–∏ –Ω–∞ –±—É–∫–º–µ–π–∫—ä—Ä–∏ –≤ iBetMagic,https://ibetmagic.com/mobilni/,1,0
–î–µ—Ç–∞–π–ª–∏ –∑–∞ –º–æ–±–∏–ª–Ω–∏ –∑–∞–ª–æ–∑–∏ –≤ —Å–∞–π—Ç–∞ –Ω–∞ PrognoziBG,https://prognozibg.com/mobilni/,1,0
–ü—Ä–µ–¥—Å—Ç–∞–≤—è–Ω–µ –Ω–∞ –º–æ–±–∏–ª–Ω–∏ –≤–µ—Ä—Å–∏–∏ –∏ –∞–ø–ª–∏–∫–∞—Ü–∏–∏ –Ω–∞ –±—É–∫–º–µ–π–∫—ä—Ä–∏ –≤ Ubetrade,https://ubetrade.com/mobilni/,1,0
–ü–æ–¥—Ä–æ–±–Ω–æ —Ä–µ–≤—é –Ω–∞ –º–æ–±–∏–ª–Ω–∞—Ç–∞ –≤–µ—Ä—Å–∏—è –∏ –∞–ø–ª–∏–∫–∞—Ü–∏—è –Ω–∞ –±—É–∫–º–µ–π–∫—ä—Ä–∞ Bet365 –≤ RaboteshtLink,https://raboteshtlink.com/bet365-mobilna-versia-i-aplikatsia/,1,0
–ü—Ä–µ–¥—Å—Ç–∞–≤—è–Ω–µ –Ω–∞ –º–æ–±–∏–ª–Ω–∞—Ç–∞ –≤–µ—Ä—Å–∏—è –Ω–∞ –±—É–∫–º–µ–π–∫—ä—Ä–∞ Betfair –≤ Number1Bets,https://number1bets.com/betfair-mobilna-versia-i-aplikatsia/,1,0
–†–µ–≤—é –Ω–∞ –º–æ–±–∏–ª–Ω–∞—Ç–∞ –≤–µ—Ä—Å–∏—è –∏ –∞–ø–ª–∏–∫–∞—Ü–∏—è –Ω–∞ –±—É–∫–º–µ–π–∫—ä—Ä–∞ Bet365 –≤ Number1Bets,https://number1bets.com/bet365-mobilna-versia-i-aplikatsia/,1,0
–†–µ–≤—é –Ω–∞ –º–æ–±–∏–ª–Ω–∞—Ç–∞ –≤–µ—Ä—Å–∏—è –Ω–∞ –±—É–∫–º–µ–π–∫—ä—Ä–∞ Betfair –≤ iBetMagic,https://ibetmagic.com/betfair-mobilna-versia-i-aplikatsia/,1,0
–†–µ–≤—é—Ç–∞ –Ω–∞ –º–æ–±–∏–ª–Ω–∏ –∞–ø–ª–∏–∫–∞—Ü–∏–∏ –Ω–∞ –±—É–∫–º–µ–π–∫—ä—Ä–∏ –≤ RaboteshtLink,https://raboteshtlink.com/mobilni/,1,0
–ü—Ä–µ–¥—Å—Ç–∞–≤—è–Ω–µ –Ω–∞ –º–æ–±–∏–ª–Ω–∞—Ç–∞ –∞–ø–ª–∏–∫–∞—Ü–∏–∏ –Ω–∞ –±—É–∫–º–µ–π–∫—ä—Ä–∞ Bet365 –≤ Ubetrade,https://ubetrade.com/bet365-mobilna-versia-i-aplikatsia/,1,0
–î–µ—Ç–∞–π–ª–Ω–æ —Ä–µ–≤—é –Ω–∞ –º–æ–±–∏–ª–Ω–∞—Ç–∞ –∞–ø–ª–∏–∫–∞—Ü–∏—è –Ω–∞ –±—É–∫–º–µ–π–∫—ä—Ä–∞ Betfair –≤ TheBetNet,https://thebetnet.com/betfair-mobilna-versia-i-aplikatsia/,1,0
–ü—Ä–µ–¥—Å—Ç–∞–≤—è–Ω–µ –Ω–∞ –º–æ–±–∏–ª–Ω–∞—Ç–∞ –∞–ø–ª–∏–∫–∞—Ü–∏—è –Ω–∞ –±—É–∫–º–µ–π–∫—ä—Ä–∞ Efbet –≤ iBetMagic,https://ibetmagic.com/efbet-mobilna-versia-i-aplikatsia/,1,0
–†–µ–≤—é –Ω–∞ –º–æ–±–∏–ª–Ω–∞—Ç–∞ –∞–ø–ª–∏–∫–∞—Ü–∏—è –Ω–∞ –±—É–∫–º–µ–π–∫—ä—Ä–∞ Bet365 –≤ RaboteshtLink,https://raboteshtlink.com/bet365-mobilna-versia-i-aplikatsia/,1,0
Best Find my phone app for Android,https://www.reddit.com/r/AppReview/comments/a95hos/best_find_my_phone_app_for_android/,1,0
"Check out new App ,Please install, rate and share . Android interview QA https://play.google.com/store/apps/details?id=com.arham.csdevbin.androidinterviewquestionanswer",https://play.google.com/store/apps/details?id=com.arham.csdevbin.androidinterviewquestionanswer,1,0
–†–µ–≤—é –Ω–∞ –º–æ–±–∏–ª–Ω–∞—Ç–∞ –∞–ø–ª–∏–∫–∞—Ü–∏—è –Ω–∞ –±—É–∫–º–µ–π–∫—ä—Ä–∞ Betfair –≤ TheBetNet,https://thebetnet.com/betfair-mobilna-versia-i-aplikatsia/,1,0
Android keylogger,https://www.reddit.com/r/AppReview/comments/9edjrj/android_keylogger/,1,0
TRYING WEIRD APPS- IT GETS WEIRD!!,https://www.reddit.com/r/AppReview/comments/92khdu/trying_weird_apps_it_gets_weird/,1,0
Zoom Meeting App Review,https://www.youtube.com/watch?v=9jfFyEtrvH0&feature=youtu.be,1,1
[Request] Invite you to review an iOS app in App Store,https://www.reddit.com/r/AppReview/comments/8sfw6x/request_invite_you_to_review_an_ios_app_in_app/,1,0
made a gaming app featuring the amazing deadpool logo.,https://play.google.com/store/apps/details?id=com.AddictingGame.Circle,1,0
Presentation Clicker: review request,https://www.reddit.com/r/AppReview/comments/88520a/presentation_clicker_review_request/,1,0
We are looking for some testers for a small reaction game.,https://play.google.com/store/apps/details?id=com.tianagames.reactiongame,1,0
FitQueue: your personal fitness assistant,https://itunes.apple.com/app/id1181827604,1,0
ÿ∑ÿ±ŸäŸÇŸá ÿπŸÖŸÑ ÿ±Ÿàÿ™ ŸÑŸÑŸáÿßÿ™ŸÅ ÿØŸàŸÜ ÿßÿ≥ÿ™ÿÆÿØÿßŸÖ ÿßŸÑÿ≠ÿßÿ≥Ÿàÿ® ROOT,http://www.youtube.com/attribution_link?a=pPNaU61rCJc&u=%2Fwatch%3Fv%3DZb8rpylRYms%26feature%3Dshare,1,0
ÿ∑ÿ±ŸäŸÇŸá ÿπŸÖŸÑ ÿ±Ÿàÿ™ ŸÑŸÑŸáÿßÿ™ŸÅ ÿ®ÿØŸàŸÜ ÿ≠ÿßÿ≥Ÿàÿ® ROOT,https://www.youtube.com/attribution_link?a=03Rr1oi6XZk&u=%2Fwatch%3Fv%3DZb8rpylRYms%26feature%3Dshare,1,0
Malhaar - Maybe the best looking music player out there.,https://play.google.com/store/apps/details?id=dev.abhishek.musicplayer.offline2,1,0
FIRST GAME - Any advice/feedback please ?,https://www.reddit.com/r/AppReview/comments/7pdpa5/first_game_any_advicefeedback_please/,1,0
New Best Launcher for Android @2018,https://www.youtube.com/attribution_link?a=Ry04gacD958&u=%2Fwatch%3Fv%3Ds9CInDuDj5g%26feature%3Dshare,1,1
How To Create a Professional Thumbnail For Youtube Urdu/Hindi Tutorial -...,https://www.youtube.com/attribution_link?a=ejT3yUn4nJw&u=%2Fwatch%3Fv%3DUg2NA82gQ1Q%26feature%3Dshare,1,0
Check out this app üëâ https://sweatco.in/i/tessier ... It pays for walking,https://www.reddit.com/r/AppReview/comments/7d0798/check_out_this_app_httpssweatcoinitessier_it_pays/,1,0
Feedback on new iOS app. [TV Schedule - Keep track of new episodes of your favorite shows.] (Free),https://www.reddit.com/r/AppReview/comments/4iv23t/feedback_on_new_ios_app_tv_schedule_keep_track_of/,1,0
Redneck Sleeping Aid,http://i.imgur.com/3EFM78B.jpg,1,0
Juggle Ball Pro - please review,https://itunes.apple.com/us/app/juggle-ball-pro/id847343406?mt=8,1,0
[Request] Testing,http://www.reddit.com/r/AppReview,1,0
test,https://www.reddit.com/r/AppReview/comments/1k8spq/test/,1,0
**Update on SubReddit**,https://www.reddit.com/r/AppReview/comments/1k4fww/update_on_subreddit/,1,0
HOW TO BUY ANDROID APP REVIEWS?,https://www.reddit.com/r/AppReview/comments/78egpl/how_to_buy_android_app_reviews/,0,1
